season_year,season_id,team_id,team_abbreviation,team_name,play_type,type_grouping,percentile,gp,poss_pct,ppp,fg_pct,ft_poss_pct,tov_poss_pct,sf_poss_pct,plusone_poss_pct,score_poss_pct,efg_pct,poss,pts,fgm,fga,fgmx
2020-21,22020,1610612762,UTA,Utah Jazz,PRBallHandler,Offensive,0.966,72,0.224,0.988,0.451,0.089,0.136,0.073,0.013,0.43,0.531,24.8,24.5,8.8,19.5,10.7
2020-21,22020,1610612742,DAL,Dallas Mavericks,PRBallHandler,Offensive,0.931,72,0.218,0.983,0.486,0.104,0.14,0.094,0.022,0.454,0.541,23.5,23.1,8.9,18.2,9.4
2020-21,22020,1610612737,ATL,Atlanta Hawks,PRBallHandler,Offensive,0.793,72,0.223,0.932,0.43,0.108,0.14,0.09,0.013,0.423,0.485,24.7,23,8.1,18.9,10.8
2020-21,22020,1610612757,POR,Portland Trail Blazers,PRBallHandler,Offensive,1,72,0.205,1.003,0.421,0.105,0.102,0.094,0.02,0.426,0.508,22.8,22.9,7.8,18.5,10.7
2020-21,22020,1610612759,SAS,San Antonio Spurs,PRBallHandler,Offensive,0.379,72,0.222,0.871,0.429,0.091,0.113,0.085,0.019,0.421,0.452,24.6,21.4,8.6,20,11.4
2020-21,22020,1610612752,NYK,New York Knicks,PRBallHandler,Offensive,0.414,72,0.223,0.877,0.423,0.097,0.112,0.087,0.022,0.414,0.454,24,21,8.2,19.5,11.2
2020-21,22020,1610612758,SAC,Sacramento Kings,PRBallHandler,Offensive,0.655,72,0.2,0.909,0.444,0.11,0.131,0.102,0.026,0.427,0.488,22.2,20.2,7.7,17.4,9.7
2020-21,22020,1610612738,BOS,Boston Celtics,PRBallHandler,Offensive,0.759,72,0.191,0.931,0.42,0.078,0.123,0.068,0.016,0.404,0.491,21.3,19.8,7.3,17.3,10
2020-21,22020,1610612746,LAC,LA Clippers,PRBallHandler,Offensive,0.724,72,0.198,0.928,0.45,0.1,0.144,0.087,0.021,0.426,0.496,21.3,19.8,7.4,16.5,9.1
2020-21,22020,1610612753,ORL,Orlando Magic,PRBallHandler,Offensive,0.034,72,0.218,0.807,0.385,0.096,0.146,0.088,0.024,0.368,0.428,24.1,19.5,7.3,18.9,11.6
2020-21,22020,1610612763,MEM,Memphis Grizzlies,PRBallHandler,Offensive,0.172,72,0.203,0.818,0.417,0.1,0.155,0.088,0.019,0.396,0.443,23.1,18.9,7.4,17.7,10.3
2020-21,22020,1610612756,PHX,Phoenix Suns,PRBallHandler,Offensive,0.897,72,0.174,0.978,0.498,0.086,0.137,0.065,0.012,0.466,0.529,18.8,18.4,7.4,14.8,7.4
2020-21,22020,1610612740,NOP,New Orleans Pelicans,PRBallHandler,Offensive,0.483,72,0.178,0.898,0.444,0.094,0.133,0.083,0.025,0.421,0.479,20.3,18.3,7.2,16.3,9
2020-21,22020,1610612741,CHI,Chicago Bulls,PRBallHandler,Offensive,0.69,72,0.182,0.912,0.465,0.075,0.171,0.067,0.02,0.412,0.52,20,18.3,7.2,15.5,8.3
2020-21,22020,1610612760,OKC,Oklahoma City Thunder,PRBallHandler,Offensive,0.31,72,0.19,0.85,0.427,0.11,0.182,0.102,0.019,0.397,0.478,21.4,18.2,6.7,15.6,8.9
2020-21,22020,1610612755,PHI,Philadelphia 76ers,PRBallHandler,Offensive,0.586,72,0.172,0.908,0.453,0.092,0.12,0.082,0.017,0.435,0.481,19.2,17.4,7,15.4,8.4
2020-21,22020,1610612761,TOR,Toronto Raptors,PRBallHandler,Offensive,0.552,72,0.171,0.907,0.403,0.107,0.13,0.092,0.02,0.401,0.471,18.9,17.1,5.9,14.8,8.8
2020-21,22020,1610612739,CLE,Cleveland Cavaliers,PRBallHandler,Offensive,0.069,72,0.184,0.812,0.412,0.082,0.151,0.074,0.02,0.385,0.443,20.2,16.4,6.6,15.9,9.3
2020-21,22020,1610612744,GSW,Golden State Warriors,PRBallHandler,Offensive,0.862,72,0.148,0.962,0.435,0.121,0.138,0.108,0.029,0.426,0.499,16.5,15.9,5.5,12.7,7.2
2020-21,22020,1610612754,IND,Indiana Pacers,PRBallHandler,Offensive,0.621,72,0.154,0.909,0.452,0.058,0.124,0.05,0.013,0.42,0.493,17.4,15.8,6.5,14.4,7.9
2020-21,22020,1610612749,MIL,Milwaukee Bucks,PRBallHandler,Offensive,0.828,72,0.145,0.951,0.454,0.094,0.141,0.081,0.017,0.428,0.518,16.5,15.7,5.9,12.9,7
2020-21,22020,1610612745,HOU,Houston Rockets,PRBallHandler,Offensive,0.345,72,0.162,0.856,0.413,0.116,0.176,0.102,0.022,0.389,0.47,18.2,15.6,5.5,13.3,7.8
2020-21,22020,1610612751,BKN,Brooklyn Nets,PRBallHandler,Offensive,0.517,72,0.154,0.906,0.439,0.103,0.158,0.091,0.02,0.414,0.489,16.9,15.3,5.6,12.8,7.2
2020-21,22020,1610612748,MIA,Miami Heat,PRBallHandler,Offensive,0.276,72,0.169,0.849,0.424,0.092,0.165,0.078,0.019,0.394,0.462,17.9,15.2,5.8,13.6,7.8
2020-21,22020,1610612750,MIN,Minnesota Timberwolves,PRBallHandler,Offensive,0,72,0.164,0.795,0.39,0.086,0.152,0.079,0.018,0.368,0.434,18.7,14.9,5.7,14.6,8.9
2020-21,22020,1610612765,DET,Detroit Pistons,PRBallHandler,Offensive,0.103,72,0.164,0.813,0.415,0.098,0.163,0.084,0.017,0.389,0.445,18,14.6,5.6,13.6,8
2020-21,22020,1610612747,LAL,Los Angeles Lakers,PRBallHandler,Offensive,0.241,72,0.15,0.847,0.436,0.106,0.169,0.094,0.02,0.406,0.47,16.6,14,5.4,12.3,6.9
2020-21,22020,1610612764,WAS,Washington Wizards,PRBallHandler,Offensive,0.207,72,0.147,0.824,0.415,0.096,0.146,0.087,0.021,0.392,0.447,17,14,5.5,13.2,7.7
2020-21,22020,1610612766,CHA,Charlotte Hornets,PRBallHandler,Offensive,0.138,72,0.15,0.815,0.391,0.077,0.148,0.065,0.012,0.369,0.444,16.7,13.6,5.1,13.1,8
2020-21,22020,1610612743,DEN,Denver Nuggets,PRBallHandler,Offensive,0.448,72,0.13,0.883,0.444,0.065,0.152,0.057,0.015,0.401,0.499,14.3,12.6,5.1,11.4,6.3
2019-20,22019,1610612757,POR,Portland Trail Blazers,PRBallHandler,Offensive,1,74,0.237,0.993,0.433,0.106,0.094,0.087,0.019,0.439,0.499,26.7,26.5,9.5,21.9,12.4
2019-20,22019,1610612762,UTA,Utah Jazz,PRBallHandler,Offensive,0.724,72,0.254,0.895,0.426,0.093,0.137,0.078,0.015,0.411,0.476,27.9,24.9,9.3,21.9,12.5
2019-20,22019,1610612738,BOS,Boston Celtics,PRBallHandler,Offensive,0.931,72,0.218,0.976,0.439,0.086,0.117,0.077,0.012,0.428,0.517,24.5,23.9,8.7,19.8,11.1
2019-20,22019,1610612746,LAC,LA Clippers,PRBallHandler,Offensive,0.759,72,0.226,0.92,0.437,0.114,0.137,0.097,0.021,0.426,0.48,25.8,23.8,8.7,19.8,11.2
2019-20,22019,1610612742,DAL,Dallas Mavericks,PRBallHandler,Offensive,0.966,75,0.204,0.979,0.464,0.116,0.138,0.098,0.031,0.441,0.53,23,22.5,8.3,17.9,9.6
2019-20,22019,1610612760,OKC,Oklahoma City Thunder,PRBallHandler,Offensive,0.828,72,0.225,0.949,0.473,0.124,0.139,0.081,0.021,0.459,0.497,24.6,23.3,8.8,18.6,9.8
2019-20,22019,1610612737,ATL,Atlanta Hawks,PRBallHandler,Offensive,0.483,67,0.23,0.864,0.399,0.108,0.161,0.089,0.015,0.387,0.456,26.8,23.1,8,20,12
2019-20,22019,1610612753,ORL,Orlando Magic,PRBallHandler,Offensive,0.655,73,0.206,0.879,0.413,0.1,0.132,0.093,0.02,0.403,0.456,22.8,20,7.4,17.9,10.5
2019-20,22019,1610612751,BKN,Brooklyn Nets,PRBallHandler,Offensive,0.207,72,0.212,0.832,0.402,0.105,0.15,0.095,0.021,0.389,0.441,24.4,20.3,7.5,18.6,11.2
2019-20,22019,1610612759,SAS,San Antonio Spurs,PRBallHandler,Offensive,0.862,71,0.188,0.95,0.445,0.106,0.099,0.096,0.021,0.446,0.478,21,20,7.6,17.1,9.5
2019-20,22019,1610612748,MIA,Miami Heat,PRBallHandler,Offensive,0.517,73,0.196,0.87,0.409,0.111,0.14,0.095,0.017,0.405,0.451,21.5,18.7,6.7,16.4,9.7
2019-20,22019,1610612754,IND,Indiana Pacers,PRBallHandler,Offensive,0.586,73,0.192,0.874,0.445,0.067,0.124,0.06,0.012,0.416,0.472,20.9,18.3,7.7,17.2,9.5
2019-20,22019,1610612758,SAC,Sacramento Kings,PRBallHandler,Offensive,0.552,72,0.191,0.873,0.426,0.098,0.145,0.091,0.016,0.407,0.472,21.2,18.5,7,16.4,9.4
2019-20,22019,1610612764,WAS,Washington Wizards,PRBallHandler,Offensive,0.345,72,0.19,0.846,0.416,0.084,0.133,0.07,0.011,0.398,0.453,21.9,18.5,7.2,17.3,10.1
2019-20,22019,1610612741,CHI,Chicago Bulls,PRBallHandler,Offensive,0.103,65,0.216,0.821,0.415,0.084,0.167,0.075,0.016,0.38,0.461,24.3,19.9,7.7,18.6,10.8
2019-20,22019,1610612763,MEM,Memphis Grizzlies,PRBallHandler,Offensive,0.414,73,0.182,0.846,0.427,0.101,0.148,0.088,0.021,0.406,0.454,20.9,17.7,6.9,16.1,9.2
2019-20,22019,1610612739,CLE,Cleveland Cavaliers,PRBallHandler,Offensive,0.138,65,0.206,0.823,0.413,0.075,0.163,0.064,0.017,0.377,0.454,23.1,19,7.4,18,10.6
2019-20,22019,1610612750,MIN,Minnesota Timberwolves,PRBallHandler,Offensive,0.69,64,0.17,0.891,0.424,0.119,0.149,0.105,0.017,0.415,0.474,19.9,17.7,6.3,14.9,8.6
2019-20,22019,1610612756,PHX,Phoenix Suns,PRBallHandler,Offensive,0.31,73,0.161,0.845,0.439,0.1,0.188,0.087,0.016,0.399,0.472,18.2,15.4,5.8,13.2,7.4
2019-20,22019,1610612765,DET,Detroit Pistons,PRBallHandler,Offensive,0.276,66,0.184,0.842,0.427,0.082,0.155,0.071,0.018,0.395,0.462,20.2,17,6.7,15.8,9
2019-20,22019,1610612740,NOP,New Orleans Pelicans,PRBallHandler,Offensive,0,72,0.17,0.774,0.396,0.082,0.179,0.076,0.022,0.357,0.436,19.9,15.4,6,15.1,9.1
2019-20,22019,1610612749,MIL,Milwaukee Bucks,PRBallHandler,Offensive,0.793,73,0.134,0.929,0.446,0.102,0.143,0.088,0.021,0.423,0.503,15.6,14.5,5.4,12.1,6.7
2019-20,22019,1610612744,GSW,Golden State Warriors,PRBallHandler,Offensive,0.172,65,0.174,0.823,0.389,0.099,0.141,0.088,0.013,0.382,0.43,19.5,16,5.8,15,9.2
2019-20,22019,1610612752,NYK,New York Knicks,PRBallHandler,Offensive,0.034,66,0.178,0.777,0.398,0.095,0.144,0.086,0.015,0.377,0.427,20.2,15.7,6.2,15.6,9.4
2019-20,22019,1610612747,LAL,Los Angeles Lakers,PRBallHandler,Offensive,0.448,71,0.147,0.859,0.426,0.084,0.142,0.076,0.021,0.397,0.47,16.6,14.3,5.6,13.2,7.6
2019-20,22019,1610612766,CHA,Charlotte Hornets,PRBallHandler,Offensive,0.241,65,0.169,0.834,0.388,0.085,0.165,0.068,0.015,0.365,0.456,18.4,15.4,5.5,14.1,8.6
2019-20,22019,1610612761,TOR,Toronto Raptors,PRBallHandler,Offensive,0.621,72,0.141,0.874,0.408,0.111,0.174,0.087,0.014,0.391,0.476,15.7,13.7,4.7,11.5,6.8
2019-20,22019,1610612743,DEN,Denver Nuggets,PRBallHandler,Offensive,0.069,73,0.147,0.82,0.397,0.07,0.123,0.06,0.018,0.38,0.433,16.3,13.4,5.3,13.5,8.1
2019-20,22019,1610612755,PHI,Philadelphia 76ers,PRBallHandler,Offensive,0.379,73,0.132,0.846,0.425,0.099,0.134,0.084,0.02,0.411,0.45,14.7,12.4,4.9,11.5,6.6
2019-20,22019,1610612745,HOU,Houston Rockets,PRBallHandler,Offensive,0.897,72,0.098,0.952,0.47,0.144,0.196,0.126,0.027,0.432,0.533,11.3,10.8,3.6,7.8,4.1
2018-19,22018,1610612766,CHA,Charlotte Hornets,PRBallHandler,Offensive,0.931,82,0.225,0.932,0.433,0.102,0.125,0.089,0.022,0.423,0.483,25,23.3,8.6,19.9,11.3
2018-19,22018,1610612746,LAC,LA Clippers,PRBallHandler,Offensive,0.724,82,0.228,0.898,0.444,0.131,0.16,0.104,0.023,0.429,0.474,25.8,23.2,8.4,18.9,10.5
2018-19,22018,1610612751,BKN,Brooklyn Nets,PRBallHandler,Offensive,0.69,82,0.206,0.891,0.423,0.105,0.147,0.089,0.016,0.409,0.478,23.7,21.1,7.7,18.1,10.4
2018-19,22018,1610612757,POR,Portland Trail Blazers,PRBallHandler,Offensive,0.966,82,0.189,0.983,0.456,0.084,0.114,0.063,0.018,0.437,0.516,21.5,21.1,8,17.6,9.6
2018-19,22018,1610612752,NYK,New York Knicks,PRBallHandler,Offensive,0.621,82,0.214,0.876,0.428,0.108,0.137,0.088,0.017,0.418,0.463,24,21.1,7.9,18.5,10.6
2018-19,22018,1610612762,UTA,Utah Jazz,PRBallHandler,Offensive,0.414,82,0.215,0.857,0.439,0.09,0.17,0.072,0.017,0.401,0.48,24.1,20.7,8,18.3,10.2
2018-19,22018,1610612739,CLE,Cleveland Cavaliers,PRBallHandler,Offensive,0.448,82,0.213,0.858,0.409,0.086,0.129,0.078,0.014,0.396,0.454,23.3,20,7.6,18.6,11
2018-19,22018,1610612756,PHX,Phoenix Suns,PRBallHandler,Offensive,0.207,82,0.209,0.833,0.416,0.103,0.17,0.087,0.019,0.391,0.452,23.4,19.5,7.2,17.4,10.2
2018-19,22018,1610612741,CHI,Chicago Bulls,PRBallHandler,Offensive,0.379,82,0.2,0.854,0.43,0.087,0.146,0.08,0.018,0.405,0.464,22,18.8,7.4,17.2,9.8
2018-19,22018,1610612759,SAS,San Antonio Spurs,PRBallHandler,Offensive,0.897,82,0.185,0.915,0.447,0.088,0.125,0.077,0.019,0.429,0.482,20.2,18.5,7.3,16.2,9
2018-19,22018,1610612742,DAL,Dallas Mavericks,PRBallHandler,Offensive,0.483,82,0.191,0.859,0.426,0.112,0.165,0.083,0.018,0.404,0.472,21.3,18.3,6.7,15.8,9
2018-19,22018,1610612737,ATL,Atlanta Hawks,PRBallHandler,Offensive,0.034,81,0.195,0.795,0.406,0.093,0.194,0.073,0.019,0.368,0.451,23,18.3,6.8,16.8,10
2018-19,22018,1610612760,OKC,Oklahoma City Thunder,PRBallHandler,Offensive,0.345,81,0.179,0.853,0.43,0.108,0.159,0.092,0.027,0.401,0.461,21.1,18,6.9,16.1,9.2
2018-19,22018,1610612765,DET,Detroit Pistons,PRBallHandler,Offensive,0.655,82,0.171,0.881,0.428,0.086,0.125,0.072,0.019,0.41,0.468,19,16.8,6.6,15.4,8.8
2018-19,22018,1610612753,ORL,Orlando Magic,PRBallHandler,Offensive,0.138,82,0.185,0.826,0.397,0.082,0.152,0.075,0.019,0.374,0.445,20.3,16.7,6.3,15.9,9.6
2018-19,22018,1610612750,MIN,Minnesota Timberwolves,PRBallHandler,Offensive,0.241,82,0.169,0.84,0.418,0.09,0.117,0.084,0.019,0.404,0.442,19.4,16.3,6.6,15.7,9.1
2018-19,22018,1610612747,LAL,Los Angeles Lakers,PRBallHandler,Offensive,0.172,82,0.17,0.827,0.419,0.091,0.157,0.082,0.017,0.384,0.466,19.7,16.3,6.3,15.1,8.8
2018-19,22018,1610612758,SAC,Sacramento Kings,PRBallHandler,Offensive,0.276,82,0.164,0.842,0.421,0.085,0.145,0.075,0.017,0.397,0.46,19,16,6.3,15,8.7
2018-19,22018,1610612748,MIA,Miami Heat,PRBallHandler,Offensive,0,82,0.188,0.754,0.396,0.08,0.171,0.066,0.014,0.362,0.42,21,15.8,6.3,16,9.7
2018-19,22018,1610612763,MEM,Memphis Grizzlies,PRBallHandler,Offensive,0.31,82,0.164,0.845,0.394,0.109,0.126,0.092,0.019,0.396,0.433,17.6,14.9,5.4,13.8,8.4
2018-19,22018,1610612764,WAS,Washington Wizards,PRBallHandler,Offensive,0.517,82,0.151,0.864,0.445,0.091,0.161,0.076,0.013,0.413,0.478,17.2,14.8,5.8,13.1,7.3
2018-19,22018,1610612738,BOS,Boston Celtics,PRBallHandler,Offensive,0.793,82,0.146,0.905,0.433,0.079,0.121,0.066,0.015,0.413,0.48,16.3,14.7,5.7,13.3,7.5
2018-19,22018,1610612745,HOU,Houston Rockets,PRBallHandler,Offensive,0.759,82,0.147,0.903,0.424,0.116,0.176,0.087,0.02,0.402,0.49,16.2,14.6,5,11.8,6.8
2018-19,22018,1610612761,TOR,Toronto Raptors,PRBallHandler,Offensive,0.552,82,0.15,0.871,0.421,0.116,0.159,0.095,0.024,0.406,0.462,16.8,14.6,5.3,12.6,7.3
2018-19,22018,1610612754,IND,Indiana Pacers,PRBallHandler,Offensive,0.103,82,0.157,0.814,0.412,0.078,0.144,0.068,0.013,0.386,0.446,17.2,14,5.6,13.6,8
2018-19,22018,1610612743,DEN,Denver Nuggets,PRBallHandler,Offensive,0.586,82,0.143,0.875,0.427,0.083,0.115,0.073,0.017,0.409,0.462,16,14,5.6,13,7.5
2018-19,22018,1610612749,MIL,Milwaukee Bucks,PRBallHandler,Offensive,0.862,82,0.122,0.914,0.449,0.096,0.162,0.086,0.028,0.412,0.506,13.9,12.7,4.8,10.7,5.9
2018-19,22018,1610612740,NOP,New Orleans Pelicans,PRBallHandler,Offensive,0.069,82,0.129,0.805,0.421,0.076,0.162,0.068,0.016,0.382,0.457,15,12.1,4.9,11.7,6.8
2018-19,22018,1610612744,GSW,Golden State Warriors,PRBallHandler,Offensive,1,82,0.108,0.992,0.457,0.084,0.127,0.078,0.021,0.431,0.529,12.1,12,4.5,9.8,5.3
2018-19,22018,1610612755,PHI,Philadelphia 76ers,PRBallHandler,Offensive,0.828,82,0.115,0.907,0.459,0.103,0.119,0.093,0.019,0.443,0.483,13.1,11.9,4.8,10.5,5.7
2017-18,22017,1610612757,POR,Portland Trail Blazers,PRBallHandler,Offensive,0.966,82,0.216,0.955,0.436,0.094,0.118,0.078,0.017,0.427,0.495,23.4,22.4,8.2,18.9,10.6
2017-18,22017,1610612766,CHA,Charlotte Hornets,PRBallHandler,Offensive,0.897,82,0.195,0.907,0.407,0.115,0.126,0.1,0.024,0.408,0.463,21.5,19.5,6.9,16.8,10
2017-18,22017,1610612746,LAC,LA Clippers,PRBallHandler,Offensive,0.448,82,0.207,0.84,0.406,0.094,0.147,0.074,0.014,0.392,0.45,22.9,19.2,7.2,17.7,10.5
2017-18,22017,1610612762,UTA,Utah Jazz,PRBallHandler,Offensive,0.103,82,0.219,0.78,0.396,0.08,0.179,0.063,0.014,0.363,0.434,23.3,18.1,7,17.6,10.6
2017-18,22017,1610612761,TOR,Toronto Raptors,PRBallHandler,Offensive,0.793,82,0.188,0.88,0.413,0.131,0.142,0.117,0.025,0.415,0.451,20.5,18,6.4,15.4,9
2017-18,22017,1610612737,ATL,Atlanta Hawks,PRBallHandler,Offensive,0.034,82,0.217,0.762,0.395,0.088,0.178,0.073,0.014,0.366,0.425,23.6,18,7,17.7,10.7
2017-18,22017,1610612745,HOU,Houston Rockets,PRBallHandler,Offensive,0.931,82,0.176,0.934,0.435,0.122,0.173,0.094,0.021,0.415,0.504,18.9,17.7,6,13.7,7.8
2017-18,22017,1610612750,MIN,Minnesota Timberwolves,PRBallHandler,Offensive,0.621,82,0.19,0.852,0.423,0.101,0.14,0.087,0.017,0.41,0.448,20.5,17.5,6.7,16,9.2
2017-18,22017,1610612756,PHX,Phoenix Suns,PRBallHandler,Offensive,0.207,82,0.194,0.803,0.401,0.099,0.155,0.086,0.016,0.383,0.43,21.7,17.4,6.6,16.5,9.9
2017-18,22017,1610612760,OKC,Oklahoma City Thunder,PRBallHandler,Offensive,0.69,82,0.18,0.862,0.439,0.095,0.164,0.08,0.02,0.406,0.477,20.2,17.4,6.7,15.4,8.6
2017-18,22017,1610612754,IND,Indiana Pacers,PRBallHandler,Offensive,0.724,82,0.183,0.872,0.448,0.075,0.144,0.067,0.014,0.414,0.479,19.6,17.1,7,15.6,8.6
2017-18,22017,1610612763,MEM,Memphis Grizzlies,PRBallHandler,Offensive,0.552,82,0.187,0.845,0.419,0.097,0.157,0.083,0.017,0.395,0.461,19.9,16.9,6.4,15.2,8.8
2017-18,22017,1610612748,MIA,Miami Heat,PRBallHandler,Offensive,0.414,82,0.175,0.83,0.441,0.1,0.166,0.086,0.022,0.406,0.46,18.7,15.5,6.2,14.1,7.9
2017-18,22017,1610612741,CHI,Chicago Bulls,PRBallHandler,Offensive,0.241,82,0.172,0.806,0.407,0.068,0.158,0.063,0.014,0.371,0.451,19,15.3,6.1,14.9,8.9
2017-18,22017,1610612753,ORL,Orlando Magic,PRBallHandler,Offensive,0.345,82,0.169,0.822,0.421,0.099,0.176,0.086,0.021,0.386,0.459,18.3,15.1,5.7,13.7,7.9
2017-18,22017,1610612742,DAL,Dallas Mavericks,PRBallHandler,Offensive,0.276,82,0.176,0.806,0.397,0.08,0.148,0.071,0.013,0.376,0.44,18.6,15,5.8,14.6,8.8
2017-18,22017,1610612749,MIL,Milwaukee Bucks,PRBallHandler,Offensive,0.828,82,0.159,0.882,0.452,0.109,0.16,0.091,0.016,0.427,0.478,16.8,14.8,5.7,12.5,6.9
2017-18,22017,1610612751,BKN,Brooklyn Nets,PRBallHandler,Offensive,0.31,82,0.166,0.807,0.395,0.092,0.174,0.076,0.015,0.371,0.443,18.4,14.8,5.4,13.8,8.3
2017-18,22017,1610612739,CLE,Cleveland Cavaliers,PRBallHandler,Offensive,0.862,82,0.15,0.905,0.458,0.107,0.164,0.094,0.019,0.428,0.505,16.1,14.6,5.5,12,6.5
2017-18,22017,1610612765,DET,Detroit Pistons,PRBallHandler,Offensive,0.483,82,0.155,0.842,0.425,0.069,0.126,0.068,0.013,0.402,0.451,16.8,14.1,5.8,13.7,7.9
2017-18,22017,1610612758,SAC,Sacramento Kings,PRBallHandler,Offensive,0.069,82,0.171,0.769,0.405,0.069,0.176,0.056,0.015,0.36,0.439,18.1,13.9,5.7,14,8.3
2017-18,22017,1610612759,SAS,San Antonio Spurs,PRBallHandler,Offensive,0.172,82,0.163,0.799,0.43,0.072,0.181,0.06,0.009,0.386,0.455,17.4,13.9,5.7,13.2,7.5
2017-18,22017,1610612738,BOS,Boston Celtics,PRBallHandler,Offensive,0.759,82,0.147,0.878,0.439,0.074,0.164,0.066,0.009,0.401,0.493,15.7,13.8,5.3,12.1,6.8
2017-18,22017,1610612752,NYK,New York Knicks,PRBallHandler,Offensive,0.138,82,0.16,0.781,0.408,0.068,0.154,0.059,0.013,0.376,0.432,17.6,13.7,5.7,13.9,8.2
2017-18,22017,1610612764,WAS,Washington Wizards,PRBallHandler,Offensive,0.379,82,0.146,0.824,0.432,0.079,0.173,0.067,0.021,0.389,0.462,15.8,13,5.3,12.2,6.9
2017-18,22017,1610612743,DEN,Denver Nuggets,PRBallHandler,Offensive,0.655,82,0.131,0.856,0.421,0.089,0.152,0.08,0.028,0.388,0.465,14.4,12.3,4.8,11.3,6.5
2017-18,22017,1610612747,LAL,Los Angeles Lakers,PRBallHandler,Offensive,0,82,0.145,0.743,0.389,0.086,0.17,0.077,0.014,0.359,0.417,16.5,12.2,4.9,12.5,7.6
2017-18,22017,1610612740,NOP,New Orleans Pelicans,PRBallHandler,Offensive,0.517,82,0.13,0.844,0.466,0.054,0.183,0.045,0.011,0.401,0.497,14.4,12.2,5.2,11.2,6
2017-18,22017,1610612744,GSW,Golden State Warriors,PRBallHandler,Offensive,1,82,0.109,0.964,0.446,0.091,0.143,0.075,0.018,0.423,0.519,11.8,11.4,4.1,9.3,5.1
2017-18,22017,1610612755,PHI,Philadelphia 76ers,PRBallHandler,Offensive,0.586,82,0.108,0.852,0.457,0.078,0.145,0.071,0.014,0.415,0.476,12.1,10.3,4.4,9.5,5.2
2016-17,22016,1610612761,TOR,Toronto Raptors,PRBallHandler,Offensive,0.966,82,0.242,0.948,0.461,0.132,0.122,0.123,0.025,0.459,0.489,25.9,24.5,9.2,19.9,10.7
2016-17,22016,1610612756,PHX,Phoenix Suns,PRBallHandler,Offensive,0.517,82,0.226,0.841,0.412,0.104,0.138,0.092,0.018,0.405,0.433,26,21.9,8.3,20.1,11.9
2016-17,22016,1610612766,CHA,Charlotte Hornets,PRBallHandler,Offensive,0.655,82,0.229,0.877,0.409,0.096,0.13,0.087,0.02,0.399,0.461,24.3,21.3,7.9,19.2,11.4
2016-17,22016,1610612757,POR,Portland Trail Blazers,PRBallHandler,Offensive,1,82,0.204,0.948,0.434,0.11,0.114,0.099,0.022,0.43,0.48,22.3,21.1,7.7,17.7,10
2016-17,22016,1610612747,LAL,Los Angeles Lakers,PRBallHandler,Offensive,0.379,82,0.209,0.834,0.402,0.097,0.159,0.089,0.022,0.378,0.447,23.4,19.5,7.2,17.8,10.7
2016-17,22016,1610612765,DET,Detroit Pistons,PRBallHandler,Offensive,0.552,82,0.208,0.849,0.431,0.07,0.122,0.064,0.014,0.408,0.454,22.5,19.1,8,18.5,10.5
2016-17,22016,1610612762,UTA,Utah Jazz,PRBallHandler,Offensive,0.862,82,0.205,0.912,0.446,0.113,0.155,0.099,0.024,0.423,0.492,21,19.1,7,15.8,8.8
2016-17,22016,1610612745,HOU,Houston Rockets,PRBallHandler,Offensive,0.931,82,0.182,0.934,0.418,0.152,0.192,0.149,0.017,0.413,0.483,20.4,19.1,5.7,13.7,8
2016-17,22016,1610612746,LAC,LA Clippers,PRBallHandler,Offensive,0.897,82,0.178,0.919,0.471,0.092,0.16,0.068,0.018,0.434,0.508,19,17.5,6.9,14.6,7.7
2016-17,22016,1610612741,CHI,Chicago Bulls,PRBallHandler,Offensive,0.241,82,0.189,0.809,0.391,0.135,0.15,0.124,0.023,0.396,0.408,20.7,16.7,6,15.2,9.3
2016-17,22016,1610612764,WAS,Washington Wizards,PRBallHandler,Offensive,0.586,82,0.179,0.85,0.44,0.096,0.157,0.083,0.02,0.409,0.465,19.7,16.7,6.6,15.1,8.4
2016-17,22016,1610612748,MIA,Miami Heat,PRBallHandler,Offensive,0.207,82,0.189,0.807,0.417,0.102,0.174,0.095,0.013,0.393,0.441,20.3,16.4,6.2,14.9,8.7
2016-17,22016,1610612754,IND,Indiana Pacers,PRBallHandler,Offensive,0.724,82,0.173,0.885,0.435,0.131,0.177,0.12,0.02,0.417,0.467,18.5,16.3,5.7,13.1,7.4
2016-17,22016,1610612760,OKC,Oklahoma City Thunder,PRBallHandler,Offensive,0.345,82,0.17,0.822,0.392,0.114,0.155,0.101,0.015,0.387,0.43,19.2,15.8,5.6,14.3,8.7
2016-17,22016,1610612737,ATL,Atlanta Hawks,PRBallHandler,Offensive,0.103,82,0.177,0.783,0.419,0.072,0.167,0.062,0.015,0.379,0.44,19.5,15.3,6.3,15.1,8.8
2016-17,22016,1610612739,CLE,Cleveland Cavaliers,PRBallHandler,Offensive,0.793,82,0.156,0.9,0.452,0.094,0.15,0.091,0.022,0.419,0.496,16.8,15.1,5.9,13,7.1
2016-17,22016,1610612740,NOP,New Orleans Pelicans,PRBallHandler,Offensive,0.172,82,0.175,0.795,0.406,0.074,0.168,0.071,0.014,0.369,0.449,19,15.1,6,14.7,8.7
2016-17,22016,1610612759,SAS,San Antonio Spurs,PRBallHandler,Offensive,0.621,82,0.159,0.875,0.445,0.109,0.169,0.097,0.017,0.415,0.477,16.9,14.8,5.5,12.5,6.9
2016-17,22016,1610612750,MIN,Minnesota Timberwolves,PRBallHandler,Offensive,0.276,82,0.166,0.812,0.41,0.112,0.164,0.099,0.014,0.398,0.431,18,14.6,5.4,13.3,7.8
2016-17,22016,1610612753,ORL,Orlando Magic,PRBallHandler,Offensive,0.414,82,0.157,0.834,0.409,0.108,0.146,0.089,0.021,0.395,0.44,17.1,14.3,5.4,13.1,7.8
2016-17,22016,1610612738,BOS,Boston Celtics,PRBallHandler,Offensive,0.828,82,0.146,0.904,0.418,0.11,0.154,0.099,0.017,0.406,0.478,15.7,14.2,4.9,11.8,6.9
2016-17,22016,1610612751,BKN,Brooklyn Nets,PRBallHandler,Offensive,0.069,82,0.162,0.783,0.391,0.121,0.205,0.104,0.024,0.366,0.431,18.1,14.1,4.9,12.6,7.7
2016-17,22016,1610612742,DAL,Dallas Mavericks,PRBallHandler,Offensive,0.448,82,0.165,0.836,0.424,0.071,0.172,0.062,0.015,0.379,0.475,16.8,14,5.5,12.9,7.5
2016-17,22016,1610612743,DEN,Denver Nuggets,PRBallHandler,Offensive,0.483,82,0.144,0.841,0.425,0.095,0.181,0.078,0.019,0.389,0.467,16.2,13.6,5.1,12,6.9
2016-17,22016,1610612752,NYK,New York Knicks,PRBallHandler,Offensive,0.138,82,0.155,0.795,0.403,0.096,0.152,0.085,0.019,0.384,0.425,17.1,13.6,5.3,13.2,7.9
2016-17,22016,1610612763,MEM,Memphis Grizzlies,PRBallHandler,Offensive,0.759,82,0.136,0.897,0.416,0.127,0.163,0.116,0.022,0.403,0.475,14.4,12.9,4.4,10.5,6.1
2016-17,22016,1610612758,SAC,Sacramento Kings,PRBallHandler,Offensive,0.31,82,0.135,0.815,0.427,0.094,0.182,0.084,0.016,0.39,0.456,14.3,11.7,4.5,10.6,6.1
2016-17,22016,1610612749,MIL,Milwaukee Bucks,PRBallHandler,Offensive,0.034,82,0.134,0.767,0.416,0.083,0.19,0.072,0.017,0.371,0.438,14,10.8,4.3,10.4,6.1
2016-17,22016,1610612744,GSW,Golden State Warriors,PRBallHandler,Offensive,0.69,82,0.109,0.883,0.448,0.094,0.184,0.081,0.019,0.402,0.501,12.1,10.7,4,9,4.9
2016-17,22016,1610612755,PHI,Philadelphia 76ers,PRBallHandler,Offensive,0,82,0.123,0.732,0.395,0.063,0.205,0.055,0.011,0.342,0.427,13.6,10,4,10.1,6.1
2015-16,22015,1610612747,LAL,Los Angeles Lakers,PRBallHandler,Offensive,0.759,82,0.22,0.847,0.406,0.113,0.151,0.106,0.017,0.397,0.447,23.8,20.1,7.2,17.8,10.6
2015-16,22015,1610612761,TOR,Toronto Raptors,PRBallHandler,Offensive,0.966,82,0.207,0.902,0.441,0.136,0.131,0.12,0.02,0.444,0.463,21.7,19.6,7.2,16.4,9.1
2015-16,22015,1610612757,POR,Portland Trail Blazers,PRBallHandler,Offensive,0.897,82,0.204,0.875,0.42,0.085,0.134,0.073,0.018,0.402,0.465,22.3,19.5,7.5,17.8,10.3
2015-16,22015,1610612740,NOP,New Orleans Pelicans,PRBallHandler,Offensive,0.793,82,0.205,0.847,0.415,0.08,0.138,0.066,0.016,0.394,0.454,22.2,18.8,7.4,17.7,10.4
2015-16,22015,1610612765,DET,Detroit Pistons,PRBallHandler,Offensive,0.552,82,0.203,0.817,0.417,0.079,0.151,0.072,0.02,0.386,0.447,22.4,18.3,7.4,17.7,10.3
2015-16,22015,1610612766,CHA,Charlotte Hornets,PRBallHandler,Offensive,0.828,82,0.198,0.856,0.417,0.106,0.151,0.085,0.017,0.402,0.458,21.1,18.1,6.7,16,9.3
2015-16,22015,1610612746,LAC,LA Clippers,PRBallHandler,Offensive,0.931,82,0.184,0.879,0.44,0.083,0.145,0.058,0.013,0.413,0.474,19.5,17.1,6.7,15.3,8.6
2015-16,22015,1610612741,CHI,Chicago Bulls,PRBallHandler,Offensive,0.621,82,0.183,0.829,0.413,0.09,0.133,0.081,0.019,0.396,0.436,20.1,16.6,6.6,16,9.4
2015-16,22015,1610612760,OKC,Oklahoma City Thunder,PRBallHandler,Offensive,0.724,82,0.17,0.846,0.428,0.11,0.189,0.097,0.021,0.395,0.468,19.2,16.2,5.9,13.8,7.9
2015-16,22015,1610612739,CLE,Cleveland Cavaliers,PRBallHandler,Offensive,0.517,82,0.179,0.816,0.426,0.065,0.161,0.059,0.014,0.386,0.459,18.9,15.5,6.4,14.9,8.5
2015-16,22015,1610612764,WAS,Washington Wizards,PRBallHandler,Offensive,0.31,82,0.181,0.778,0.411,0.074,0.157,0.066,0.015,0.377,0.432,19.7,15.4,6.4,15.5,9.1
2015-16,22015,1610612742,DAL,Dallas Mavericks,PRBallHandler,Offensive,0.483,82,0.178,0.801,0.411,0.086,0.166,0.071,0.018,0.378,0.444,18.9,15.1,6,14.5,8.5
2015-16,22015,1610612754,IND,Indiana Pacers,PRBallHandler,Offensive,0.379,82,0.176,0.783,0.387,0.082,0.147,0.068,0.014,0.369,0.419,19.3,15.1,5.9,15.1,9.3
2015-16,22015,1610612762,UTA,Utah Jazz,PRBallHandler,Offensive,0.448,82,0.18,0.787,0.392,0.107,0.173,0.087,0.017,0.375,0.423,18.9,14.8,5.4,13.9,8.4
2015-16,22015,1610612748,MIA,Miami Heat,PRBallHandler,Offensive,0.586,82,0.17,0.819,0.449,0.099,0.179,0.087,0.015,0.411,0.457,17.8,14.6,5.9,13.1,7.2
2015-16,22015,1610612756,PHX,Phoenix Suns,PRBallHandler,Offensive,0.241,82,0.165,0.771,0.395,0.092,0.191,0.076,0.014,0.361,0.433,18.5,14.2,5.3,13.5,8.2
2015-16,22015,1610612743,DEN,Denver Nuggets,PRBallHandler,Offensive,0.207,82,0.172,0.754,0.389,0.092,0.198,0.081,0.015,0.354,0.426,18.9,14.2,5.3,13.7,8.3
2015-16,22015,1610612737,ATL,Atlanta Hawks,PRBallHandler,Offensive,0.034,82,0.167,0.733,0.379,0.093,0.187,0.081,0.016,0.354,0.403,18,13.2,5,13.2,8.2
2015-16,22015,1610612753,ORL,Orlando Magic,PRBallHandler,Offensive,0.103,82,0.163,0.741,0.39,0.097,0.183,0.082,0.016,0.364,0.41,17.8,13.2,5.1,13.1,8
2015-16,22015,1610612763,MEM,Memphis Grizzlies,PRBallHandler,Offensive,0.655,82,0.147,0.83,0.402,0.123,0.141,0.103,0.017,0.406,0.428,15.6,13,4.7,11.7,7
2015-16,22015,1610612738,BOS,Boston Celtics,PRBallHandler,Offensive,0.345,82,0.143,0.781,0.388,0.101,0.17,0.077,0.014,0.372,0.419,16.1,12.6,4.6,12,7.3
2015-16,22015,1610612759,SAS,San Antonio Spurs,PRBallHandler,Offensive,0.862,82,0.139,0.859,0.462,0.084,0.165,0.061,0.014,0.42,0.479,14.4,12.4,5.1,11,5.9
2015-16,22015,1610612745,HOU,Houston Rockets,PRBallHandler,Offensive,0.69,82,0.133,0.832,0.411,0.122,0.207,0.108,0.015,0.388,0.45,14.8,12.4,4.2,10.2,6
2015-16,22015,1610612751,BKN,Brooklyn Nets,PRBallHandler,Offensive,0.172,82,0.152,0.752,0.398,0.09,0.193,0.071,0.013,0.364,0.419,16.3,12.3,4.7,11.9,7.2
2015-16,22015,1610612750,MIN,Minnesota Timberwolves,PRBallHandler,Offensive,0.138,82,0.15,0.741,0.372,0.118,0.172,0.098,0.016,0.368,0.389,16.1,11.9,4.3,11.6,7.3
2015-16,22015,1610612744,GSW,Golden State Warriors,PRBallHandler,Offensive,1,82,0.105,0.98,0.458,0.081,0.156,0.074,0.022,0.417,0.545,11.7,11.5,4.2,9.2,5
2015-16,22015,1610612758,SAC,Sacramento Kings,PRBallHandler,Offensive,0.414,82,0.12,0.783,0.44,0.072,0.204,0.06,0.011,0.378,0.466,13.6,10.6,4.4,10,5.6
2015-16,22015,1610612755,PHI,Philadelphia 76ers,PRBallHandler,Offensive,0,82,0.138,0.676,0.373,0.061,0.21,0.054,0.012,0.321,0.402,15.1,10.2,4.2,11.2,7
2015-16,22015,1610612749,MIL,Milwaukee Bucks,PRBallHandler,Offensive,0.069,82,0.125,0.736,0.418,0.073,0.205,0.065,0.016,0.363,0.431,13.3,9.8,4.1,9.8,5.7
2015-16,22015,1610612752,NYK,New York Knicks,PRBallHandler,Offensive,0.276,82,0.108,0.776,0.39,0.083,0.149,0.072,0.015,0.37,0.415,11.4,8.9,3.5,8.9,5.4
2014-15,22014,1610612742,DAL,Dallas Mavericks,PRBallHandler,Offensive,0.517,82,0.213,0.796,0.422,0.074,0.156,0.059,0.011,0.388,0.447,23.1,18.4,7.6,18,10.4
2014-15,22014,1610612766,CHA,Charlotte Hornets,PRBallHandler,Offensive,0.552,82,0.213,0.797,0.39,0.094,0.137,0.078,0.018,0.382,0.414,22.5,18,6.9,18,10.8
2014-15,22014,1610612760,OKC,Oklahoma City Thunder,PRBallHandler,Offensive,0.793,82,0.18,0.821,0.403,0.099,0.154,0.084,0.017,0.387,0.439,20.1,16.5,6.2,15,9.2
2014-15,22014,1610612753,ORL,Orlando Magic,PRBallHandler,Offensive,0.172,82,0.207,0.735,0.408,0.094,0.194,0.081,0.015,0.367,0.423,21.8,16,6.5,16,9.4
2014-15,22014,1610612761,TOR,Toronto Raptors,PRBallHandler,Offensive,0.931,82,0.175,0.836,0.39,0.104,0.139,0.096,0.013,0.387,0.432,18.6,15.5,5.6,14,8.7
2014-15,22014,1610612746,LAC,Los Angeles Clippers,PRBallHandler,Offensive,1,82,0.16,0.898,0.448,0.081,0.139,0.056,0.01,0.422,0.482,16.9,15.2,6,13,7.4
2014-15,22014,1610612739,CLE,Cleveland Cavaliers,PRBallHandler,Offensive,0.724,82,0.176,0.816,0.421,0.087,0.174,0.079,0.02,0.38,0.46,18.6,15.2,5.9,14,8.2
2014-15,22014,1610612765,DET,Detroit Pistons,PRBallHandler,Offensive,0.414,82,0.173,0.789,0.386,0.088,0.154,0.072,0.02,0.365,0.421,18.8,14.8,5.6,15,9
2014-15,22014,1610612747,LAL,Los Angeles Lakers,PRBallHandler,Offensive,0.345,82,0.167,0.771,0.375,0.104,0.165,0.089,0.015,0.367,0.412,18.1,14,5.1,14,8.4
2014-15,22014,1610612740,NOP,New Orleans Pelicans,PRBallHandler,Offensive,0.379,82,0.165,0.777,0.423,0.081,0.188,0.072,0.015,0.376,0.446,17.4,13.5,5.5,13,7.5
2014-15,22014,1610612741,CHI,Chicago Bulls,PRBallHandler,Offensive,0.828,82,0.151,0.826,0.417,0.086,0.157,0.078,0.014,0.391,0.449,16.2,13.4,5.2,12,7.3
2014-15,22014,1610612757,POR,Portland Trail Blazers,PRBallHandler,Offensive,0.69,82,0.149,0.816,0.39,0.081,0.159,0.072,0.014,0.368,0.443,16,13.1,4.8,12,7.5
2014-15,22014,1610612756,PHX,Phoenix Suns,PRBallHandler,Offensive,0.586,82,0.149,0.801,0.416,0.109,0.192,0.085,0.02,0.384,0.446,16.3,13.1,4.9,12,6.8
2014-15,22014,1610612759,SAS,San Antonio Spurs,PRBallHandler,Offensive,0.759,82,0.149,0.818,0.448,0.085,0.176,0.065,0.016,0.405,0.464,15.8,13,5.4,12,6.6
2014-15,22014,1610612737,ATL,Atlanta Hawks,PRBallHandler,Offensive,0.655,82,0.149,0.815,0.423,0.108,0.181,0.093,0.016,0.396,0.45,15.5,12.7,4.8,11,6.5
2014-15,22014,1610612754,IND,Indiana Pacers,PRBallHandler,Offensive,0.862,82,0.141,0.826,0.419,0.111,0.155,0.087,0.024,0.398,0.445,15,12.4,4.8,11,6.6
2014-15,22014,1610612751,BKN,Brooklyn Nets,PRBallHandler,Offensive,0.241,82,0.155,0.746,0.397,0.08,0.187,0.06,0.01,0.364,0.412,16.5,12.3,4.9,12,7.4
2014-15,22014,1610612743,DEN,Denver Nuggets,PRBallHandler,Offensive,0.621,82,0.131,0.806,0.408,0.09,0.154,0.075,0.013,0.384,0.44,14.6,11.8,4.6,11,6.6
2014-15,22014,1610612763,MEM,Memphis Grizzlies,PRBallHandler,Offensive,0.448,82,0.141,0.79,0.394,0.1,0.155,0.086,0.013,0.381,0.417,14.9,11.8,4.4,11,6.8
2014-15,22014,1610612762,UTA,Utah Jazz,PRBallHandler,Offensive,0.034,82,0.165,0.685,0.358,0.085,0.184,0.069,0.016,0.334,0.374,17.1,11.7,4.6,13,8.2
2014-15,22014,1610612758,SAC,Sacramento Kings,PRBallHandler,Offensive,0.483,82,0.133,0.792,0.407,0.098,0.161,0.076,0.012,0.388,0.428,14.5,11.5,4.4,11,6.5
2014-15,22014,1610612738,BOS,Boston Celtics,PRBallHandler,Offensive,0.207,82,0.141,0.735,0.398,0.066,0.192,0.06,0.012,0.351,0.426,15.5,11.4,4.7,12,7
2014-15,22014,1610612764,WAS,Washington Wizards,PRBallHandler,Offensive,0.103,82,0.147,0.706,0.379,0.08,0.182,0.067,0.011,0.347,0.393,15.6,11,4.4,12,7.3
2014-15,22014,1610612748,MIA,Miami Heat,PRBallHandler,Offensive,0.138,82,0.146,0.731,0.409,0.109,0.218,0.087,0.016,0.365,0.424,14.9,10.9,4.2,10,6
2014-15,22014,1610612744,GSW,Golden State Warriors,PRBallHandler,Offensive,0.966,82,0.117,0.845,0.423,0.061,0.172,0.056,0.01,0.375,0.484,12.8,10.8,4.2,10,5.7
2014-15,22014,1610612745,HOU,Houston Rockets,PRBallHandler,Offensive,0.897,82,0.11,0.836,0.42,0.152,0.226,0.135,0.022,0.396,0.461,12.2,10.2,3.3,8,4.5
2014-15,22014,1610612749,MIL,Milwaukee Bucks,PRBallHandler,Offensive,0.31,82,0.125,0.759,0.413,0.086,0.217,0.066,0.017,0.362,0.436,13.4,10.1,3.9,10,5.6
2014-15,22014,1610612750,MIN,Minnesota Timberwolves,PRBallHandler,Offensive,0.276,82,0.114,0.759,0.391,0.084,0.19,0.065,0.013,0.359,0.418,12.3,9.4,3.6,9,5.5
2014-15,22014,1610612755,PHI,Philadelphia 76ers,PRBallHandler,Offensive,0,82,0.128,0.655,0.363,0.088,0.227,0.07,0.011,0.318,0.391,14,9.2,3.5,10,6.2
2014-15,22014,1610612752,NYK,New York Knicks,PRBallHandler,Offensive,0.069,82,0.109,0.703,0.38,0.073,0.197,0.054,0.015,0.335,0.407,11.3,8,3.2,8,5.2
2013-14,22013,1610612742,DAL,Dallas Mavericks,PRBallHandler,Offensive,0.69,82,0.208,0.818,0.426,0.101,0.177,0.086,0.018,0.395,0.451,22,18,6.9,16.3,9.4
2013-14,22013,1610612760,OKC,Oklahoma City Thunder,PRBallHandler,Offensive,0.966,82,0.166,0.894,0.436,0.107,0.169,0.095,0.015,0.412,0.486,17.9,16,5.8,13.2,7.5
2013-14,22013,1610612761,TOR,Toronto Raptors,PRBallHandler,Offensive,0.655,82,0.186,0.812,0.392,0.116,0.153,0.097,0.013,0.391,0.421,19.7,16,5.8,14.7,8.9
2013-14,22013,1610612739,CLE,Cleveland Cavaliers,PRBallHandler,Offensive,0.759,82,0.177,0.833,0.423,0.087,0.14,0.066,0.015,0.399,0.449,19,15.9,6.4,15,8.7
2013-14,22013,1610612746,LAC,Los Angeles Clippers,PRBallHandler,Offensive,1,82,0.161,0.91,0.454,0.102,0.145,0.074,0.016,0.43,0.482,17.4,15.8,6.1,13.4,7.3
2013-14,22013,1610612759,SAS,San Antonio Spurs,PRBallHandler,Offensive,0.931,82,0.156,0.888,0.463,0.08,0.152,0.062,0.012,0.427,0.489,16.5,14.7,6,12.9,6.9
2013-14,22013,1610612757,POR,Portland Trail Blazers,PRBallHandler,Offensive,0.517,82,0.167,0.798,0.392,0.101,0.168,0.092,0.015,0.376,0.427,18.4,14.7,5.4,13.7,8.3
2013-14,22013,1610612743,DEN,Denver Nuggets,PRBallHandler,Offensive,0.793,82,0.156,0.833,0.405,0.12,0.151,0.097,0.019,0.402,0.434,17.5,14.6,5.3,13.1,7.8
2013-14,22013,1610612756,PHX,Phoenix Suns,PRBallHandler,Offensive,0.897,82,0.149,0.879,0.449,0.118,0.162,0.097,0.022,0.424,0.481,16.3,14.3,5.4,12.1,6.6
2013-14,22013,1610612758,SAC,Sacramento Kings,PRBallHandler,Offensive,0.724,82,0.159,0.826,0.414,0.093,0.152,0.071,0.014,0.394,0.443,17.3,14.3,5.5,13.3,7.8
2013-14,22013,1610612740,NOP,New Orleans Pelicans,PRBallHandler,Offensive,0.448,82,0.166,0.779,0.403,0.103,0.156,0.09,0.015,0.386,0.42,17.6,13.7,5.3,13.3,7.9
2013-14,22013,1610612749,MIL,Milwaukee Bucks,PRBallHandler,Offensive,0.379,82,0.163,0.775,0.386,0.099,0.163,0.077,0.013,0.371,0.417,17.3,13.4,5,13,8
2013-14,22013,1610612766,CHA,Charlotte Bobcats,PRBallHandler,Offensive,0.207,82,0.166,0.754,0.375,0.096,0.15,0.081,0.012,0.369,0.394,17.3,13.1,5,13.3,8.3
2013-14,22013,1610612753,ORL,Orlando Magic,PRBallHandler,Offensive,0.276,82,0.158,0.761,0.393,0.091,0.202,0.083,0.019,0.356,0.43,16.7,12.7,4.8,12.1,7.3
2013-14,22013,1610612762,UTA,Utah Jazz,PRBallHandler,Offensive,0.103,82,0.165,0.721,0.382,0.086,0.183,0.067,0.02,0.351,0.398,17.2,12.4,4.9,12.9,8
2013-14,22013,1610612764,WAS,Washington Wizards,PRBallHandler,Offensive,0.069,82,0.156,0.701,0.382,0.058,0.168,0.052,0.009,0.345,0.398,16.7,11.7,5,13.1,8.1
2013-14,22013,1610612748,MIA,Miami Heat,PRBallHandler,Offensive,0.828,82,0.135,0.859,0.497,0.116,0.23,0.099,0.029,0.418,0.519,13.5,11.6,4.6,9.2,4.6
2013-14,22013,1610612738,BOS,Boston Celtics,PRBallHandler,Offensive,0.172,82,0.143,0.744,0.395,0.073,0.181,0.059,0.013,0.357,0.421,15.4,11.5,4.6,11.7,7.1
2013-14,22013,1610612737,ATL,Atlanta Hawks,PRBallHandler,Offensive,0.345,82,0.141,0.772,0.388,0.095,0.183,0.072,0.016,0.365,0.421,14.8,11.5,4.2,10.9,6.7
2013-14,22013,1610612744,GSW,Golden State Warriors,PRBallHandler,Offensive,0.586,82,0.129,0.808,0.401,0.064,0.187,0.058,0.011,0.356,0.464,14.1,11.4,4.3,10.7,6.4
2013-14,22013,1610612765,DET,Detroit Pistons,PRBallHandler,Offensive,0.31,82,0.131,0.763,0.376,0.092,0.149,0.079,0.016,0.364,0.406,14.7,11.2,4.3,11.4,7.1
2013-14,22013,1610612745,HOU,Houston Rockets,PRBallHandler,Offensive,0.862,82,0.117,0.864,0.44,0.118,0.184,0.098,0.018,0.41,0.477,12.9,11.1,4,9.2,5.1
2013-14,22013,1610612752,NYK,New York Knicks,PRBallHandler,Offensive,0.241,82,0.14,0.758,0.397,0.07,0.176,0.064,0.014,0.357,0.433,14.4,11,4.4,11.1,6.7
2013-14,22013,1610612754,IND,Indiana Pacers,PRBallHandler,Offensive,0.552,82,0.129,0.806,0.418,0.108,0.186,0.092,0.023,0.385,0.444,13.5,10.9,4.1,9.9,5.7
2013-14,22013,1610612763,MEM,Memphis Grizzlies,PRBallHandler,Offensive,0.483,82,0.13,0.797,0.435,0.099,0.191,0.09,0.019,0.392,0.453,13.5,10.7,4.3,9.8,5.5
2013-14,22013,1610612741,CHI,Chicago Bulls,PRBallHandler,Offensive,0.414,82,0.129,0.775,0.378,0.096,0.167,0.079,0.014,0.363,0.417,13.5,10.5,3.8,10.2,6.3
2013-14,22013,1610612750,MIN,Minnesota Timberwolves,PRBallHandler,Offensive,0.034,82,0.131,0.699,0.343,0.095,0.181,0.076,0.012,0.334,0.373,14.8,10.3,3.7,10.9,7.1
2013-14,22013,1610612755,PHI,Philadelphia 76ers,PRBallHandler,Offensive,0.138,82,0.123,0.735,0.393,0.117,0.193,0.099,0.023,0.366,0.409,14,10.3,3.9,10,6.1
2013-14,22013,1610612747,LAL,Los Angeles Lakers,PRBallHandler,Offensive,0,82,0.136,0.696,0.379,0.081,0.24,0.067,0.014,0.323,0.421,14.8,10.3,3.9,10.3,6.4
2013-14,22013,1610612751,BKN,Brooklyn Nets,PRBallHandler,Offensive,0.621,82,0.117,0.811,0.408,0.131,0.18,0.109,0.02,0.397,0.435,12,9.7,3.5,8.5,5
2012-13,22012,1610612766,CHA,Charlotte Bobcats,PRBallHandler,Offensive,0.862,82,0.152,0.837,0.403,0.12,0.137,0.103,0.018,0.405,0.429,16,13.4,4.9,12.2,7.3
2012-13,22012,1610612749,MIL,Milwaukee Bucks,PRBallHandler,Offensive,0.586,82,0.154,0.788,0.403,0.088,0.165,0.08,0.015,0.376,0.431,17,13.4,5.2,12.9,7.7
2012-13,22012,1610612750,MIN,Minnesota Timberwolves,PRBallHandler,Offensive,0.31,82,0.164,0.756,0.399,0.089,0.194,0.065,0.012,0.366,0.425,17.4,13.2,5.1,12.7,7.6
2012-13,22012,1610612759,SAS,San Antonio Spurs,PRBallHandler,Offensive,0.828,82,0.149,0.833,0.451,0.104,0.197,0.079,0.018,0.407,0.468,15.5,12.9,5,11.1,6.1
2012-13,22012,1610612742,DAL,Dallas Mavericks,PRBallHandler,Offensive,0.621,82,0.155,0.788,0.406,0.095,0.183,0.081,0.016,0.378,0.434,16.4,12.9,4.9,12.1,7.2
2012-13,22012,1610612739,CLE,Cleveland Cavaliers,PRBallHandler,Offensive,0.552,82,0.152,0.784,0.395,0.093,0.162,0.083,0.017,0.375,0.422,16.1,12.7,4.9,12.3,7.5
2012-13,22012,1610612752,NYK,New York Knicks,PRBallHandler,Offensive,0.966,82,0.145,0.843,0.427,0.083,0.163,0.063,0.011,0.395,0.47,14.8,12.5,4.8,11.3,6.5
2012-13,22012,1610612740,NOH,New Orleans Hornets,PRBallHandler,Offensive,0.379,82,0.16,0.764,0.413,0.088,0.186,0.078,0.018,0.372,0.434,16.3,12.5,5,12.1,7.1
2012-13,22012,1610612757,POR,Portland Trail Blazers,PRBallHandler,Offensive,0.448,82,0.15,0.775,0.406,0.091,0.207,0.083,0.023,0.36,0.447,15.7,12.2,4.6,11.4,6.8
2012-13,22012,1610612745,HOU,Houston Rockets,PRBallHandler,Offensive,1,82,0.126,0.871,0.435,0.144,0.205,0.126,0.031,0.404,0.479,13.8,12,4.1,9.4,5.3
2012-13,22012,1610612761,TOR,Toronto Raptors,PRBallHandler,Offensive,0.517,82,0.146,0.779,0.382,0.091,0.154,0.077,0.015,0.366,0.418,15.2,11.8,4.5,11.7,7.2
2012-13,22012,1610612744,GSW,Golden State Warriors,PRBallHandler,Offensive,0.655,82,0.133,0.814,0.406,0.07,0.162,0.06,0.015,0.37,0.453,14.3,11.6,4.5,11.2,6.6
2012-13,22012,1610612760,OKC,Oklahoma City Thunder,PRBallHandler,Offensive,0.724,82,0.132,0.815,0.426,0.129,0.197,0.115,0.019,0.399,0.448,13.9,11.4,4.1,9.7,5.5
2012-13,22012,1610612748,MIA,Miami Heat,PRBallHandler,Offensive,0.793,82,0.136,0.824,0.46,0.117,0.219,0.102,0.022,0.405,0.483,13.7,11.3,4.3,9.4,5.1
2012-13,22012,1610612755,PHI,Philadelphia 76ers,PRBallHandler,Offensive,0.103,82,0.145,0.734,0.382,0.079,0.17,0.067,0.006,0.359,0.403,15.1,11.1,4.4,11.4,7.1
2012-13,22012,1610612765,DET,Detroit Pistons,PRBallHandler,Offensive,0.345,82,0.135,0.758,0.414,0.096,0.2,0.084,0.014,0.378,0.429,14.2,10.7,4.2,10.2,6
2012-13,22012,1610612753,ORL,Orlando Magic,PRBallHandler,Offensive,0.069,82,0.138,0.734,0.383,0.057,0.187,0.048,0.008,0.34,0.421,14.5,10.6,4.2,11.1,6.8
2012-13,22012,1610612747,LAL,Los Angeles Lakers,PRBallHandler,Offensive,0.759,82,0.12,0.823,0.445,0.088,0.213,0.066,0.012,0.39,0.478,12.9,10.6,4.1,9.1,5.1
2012-13,22012,1610612743,DEN,Denver Nuggets,PRBallHandler,Offensive,0.69,82,0.117,0.815,0.438,0.107,0.186,0.085,0.023,0.399,0.461,13,10.6,4.2,9.5,5.3
2012-13,22012,1610612758,SAC,Sacramento Kings,PRBallHandler,Offensive,0.897,82,0.114,0.838,0.434,0.106,0.19,0.083,0.021,0.397,0.471,12.2,10.3,3.8,8.9,5
2012-13,22012,1610612764,WAS,Washington Wizards,PRBallHandler,Offensive,0.172,82,0.126,0.746,0.383,0.088,0.17,0.073,0.014,0.362,0.403,13.2,9.9,3.8,10,6.2
2012-13,22012,1610612746,LAC,Los Angeles Clippers,PRBallHandler,Offensive,0.931,82,0.113,0.842,0.439,0.093,0.164,0.065,0.018,0.409,0.457,11.7,9.8,3.9,8.9,5
2012-13,22012,1610612738,BOS,Boston Celtics,PRBallHandler,Offensive,0.241,81,0.126,0.756,0.413,0.079,0.19,0.062,0.01,0.369,0.428,12.9,9.7,4,9.6,5.6
2012-13,22012,1610612741,CHI,Chicago Bulls,PRBallHandler,Offensive,0.483,82,0.119,0.778,0.392,0.083,0.164,0.067,0.009,0.37,0.427,12.4,9.6,3.7,9.4,5.7
2012-13,22012,1610612756,PHX,Phoenix Suns,PRBallHandler,Offensive,0.138,82,0.118,0.741,0.376,0.089,0.174,0.069,0.011,0.355,0.412,12.7,9.4,3.6,9.5,5.9
2012-13,22012,1610612737,ATL,Atlanta Hawks,PRBallHandler,Offensive,0.414,82,0.116,0.767,0.382,0.095,0.185,0.081,0.014,0.358,0.422,12,9.2,3.4,8.8,5.4
2012-13,22012,1610612763,MEM,Memphis Grizzlies,PRBallHandler,Offensive,0.276,82,0.116,0.756,0.407,0.091,0.194,0.073,0.012,0.37,0.426,12,9.1,3.6,8.8,5.2
2012-13,22012,1610612754,IND,Indiana Pacers,PRBallHandler,Offensive,0.207,81,0.1,0.749,0.369,0.094,0.174,0.073,0.011,0.35,0.411,10.5,7.9,2.9,7.8,4.9
2012-13,22012,1610612762,UTA,Utah Jazz,PRBallHandler,Offensive,0.034,82,0.077,0.69,0.364,0.069,0.199,0.046,0.007,0.328,0.393,8.1,5.6,2.2,6,3.8
2012-13,22012,1610612751,BKN,Brooklyn Nets,PRBallHandler,Offensive,0,82,0.065,0.689,0.37,0.079,0.234,0.058,0.005,0.326,0.412,6.8,4.7,1.7,4.7,3
